Name,Email,Age,Gender,Nationality
John Doe,john.doe@email.com,25,Male,USA
Jane Smith,jane.smith@email.com,40,Female,Canada
Robert Johnson,robert.johnson@email.com,32,Male,UK
Emily Davis,emily.davis@email.com,28,Female,Australia
Michael Wilson,michael.wilson@email.com,55,Male,Germany
Sarah Brown,sarah.brown@email.com,42,Female,France
Daniel Miller,daniel.miller@email.com,33,Male,Spain
Olivia Garcia,olivia.garcia@email.com,21,Female,Italy
Matthew Taylor,matthew.taylor@email.com,49,Male,Japan
Ava Martinez,ava.martinez@email.com,19,Female,South Korea
Christopher Thomas,christopher.thomas@email.com,37,Male,Brazil
Emma Hernandez,emma.hernandez@email.com,27,Female,Mexico
William Lee,william.lee@email.com,65,Male,India
Sophia Kim,sophia.kim@email.com,23,Female,China
James Jackson,james.jackson@email.com,30,Male,Russia
